"Origin Movement ID","Origin Display Name","Destination Movement ID","Destination Display Name","Date Range","Mean Travel Time (Seconds)","Range - Lower Bound Travel Time (Seconds)","Range - Upper Bound Travel Time (Seconds)"
"101","4900 Ramdwara Road, Chuna Mandi, Aram Bagh, Paharganj, New Delhi","1","300 Ring Road, Block CB, Naraina Village, Naraina, New Delhi","12/1/2018 - 12/31/2018, Every day, Daily Average",2068,1443,2963
"101","4900 Ramdwara Road, Chuna Mandi, Aram Bagh, Paharganj, New Delhi","2","Unnamed Road, Delhi Cantonment, New Delhi","12/1/2018 - 12/31/2018, Every day, Daily Average",1853,1236,2776
"101","4900 Ramdwara Road, Chuna Mandi, Aram Bagh, Paharganj, New Delhi","3","Unnamed Road, Mahipalpur, New Delhi","12/1/2018 - 12/31/2018, Every day, Daily Average",1579,1016,2453
"101","4900 Ramdwara Road, Chuna Mandi, Aram Bagh, Paharganj, New Delhi","4","P-268/3, Rock View, Delhi Cantonment, Delhi","12/1/2018 - 12/31/2018, Every day, Daily Average",1642,1064,2531
"101","4900 Ramdwara Road, Chuna Mandi, Aram Bagh, Paharganj, New Delhi","5","Old Palam Road, Delhi Cantonment, New Delhi","12/1/2018 - 12/31/2018, Every day, Daily Average",1857,1244,2771
"101","4900 Ramdwara Road, Chuna Mandi, Aram Bagh, Paharganj, New Delhi","6","Unnamed Road, CVD Line, Delhi Cantonment, New Delhi","12/1/2018 - 12/31/2018, Every day, Daily Average",2169,1542,3050
"101","4900 Ramdwara Road, Chuna Mandi, Aram Bagh, Paharganj, New Delhi","7","P 13, Baird Place, Delhi Cantonment, New Delhi","12/1/2018 - 12/31/2018, Every day, Daily Average",2065,1458,2923
"101","4900 Ramdwara Road, Chuna Mandi, Aram Bagh, Paharganj, New Delhi","8","Mall Road, Khyber Lines, Delhi Cantonment, New Delhi","12/1/2018 - 12/31/2018, Every day, Daily Average",1274,761,2131
"101","4900 Ramdwara Road, Chuna Mandi, Aram Bagh, Paharganj, New Delhi","9","Mahatma Jyothi Rao Phule Marg, Mahatma Jyoti Rao Phule Marg Area, New Delhi","12/1/2018 - 12/31/2018, Every day, Daily Average",651,318,1331
"101","4900 Ramdwara Road, Chuna Mandi, Aram Bagh, Paharganj, New Delhi","10","0 Shaheed Bhagat Singh Marg, DIZ Staff Quarters, Connaught Place, New Delhi","12/1/2018 - 12/31/2018, Every day, Daily Average",267,105,676
"101","4900 Ramdwara Road, Chuna Mandi, Aram Bagh, Paharganj, New Delhi","11","Mother Teresa Crescent, Talkatora Garden, Central Ridge Reserve Forest, New Delhi","12/1/2018 - 12/31/2018, Every day, Daily Average",499,165,1503
"101","4900 Ramdwara Road, Chuna Mandi, Aram Bagh, Paharganj, New Delhi","12","Jantar Mantar Road, Janpath, Connaught Place, New Delhi","12/1/2018 - 12/31/2018, Every day, Daily Average",685,399,1174
"101","4900 Ramdwara Road, Chuna Mandi, Aram Bagh, Paharganj, New Delhi","13","10, Aurangzeb Road, New Delhi","12/1/2018 - 12/31/2018, Every day, Daily Average",1086,726,1623
"101","4900 Ramdwara Road, Chuna Mandi, Aram Bagh, Paharganj, New Delhi","14","Mahatma Gandhi Road, Kidwai Nagar West, Kidwai Nagar, New Delhi","12/1/2018 - 12/31/2018, Every day, Daily Average",1533,1095,2145
"101","4900 Ramdwara Road, Chuna Mandi, Aram Bagh, Paharganj, New Delhi","15","H205, Block H, Sarojini Nagar, New Delhi","12/1/2018 - 12/31/2018, Every day, Daily Average",1442,1005,2067
"101","4900 Ramdwara Road, Chuna Mandi, Aram Bagh, Paharganj, New Delhi","16","Andre Malraux Marg, Ramnagar, Chanakyapuri, New Delhi","12/1/2018 - 12/31/2018, Every day, Daily Average",1144,716,1825
"101","4900 Ramdwara Road, Chuna Mandi, Aram Bagh, Paharganj, New Delhi","17","0 Khanna Market Road, Aliganj, Lodi Colony, New Delhi","12/1/2018 - 12/31/2018, Every day, Daily Average",1348,961,1890
"101","4900 Ramdwara Road, Chuna Mandi, Aram Bagh, Paharganj, New Delhi","18","Unnamed Road, Lal Qila, Chandni Chowk, New Delhi","12/1/2018 - 12/31/2018, Every day, Daily Average",1355,846,2168
"101","4900 Ramdwara Road, Chuna Mandi, Aram Bagh, Paharganj, New Delhi","19","Mirdard Road, 64 Khamba, Maulana Azad Medical College Campus, New Delhi","12/1/2018 - 12/31/2018, Every day, Daily Average",617,340,1116
"101","4900 Ramdwara Road, Chuna Mandi, Aram Bagh, Paharganj, New Delhi","20","4400 Gali Shahtara, Kaccha Pandit Main Bazar, Lal Kuan Bazar, Old Delhi, New Delhi","12/1/2018 - 12/31/2018, Every day, Daily Average",484,247,944
"101","4900 Ramdwara Road, Chuna Mandi, Aram Bagh, Paharganj, New Delhi","21","3800 Prem Narain Road, Hauz Qazi, Sitaram Bazar, Delhi","12/1/2018 - 12/31/2018, Every day, Daily Average",672,356,1266
"101","4900 Ramdwara Road, Chuna Mandi, Aram Bagh, Paharganj, New Delhi","22","500 Fasil Road, Farash Khana, Chandni Chowk, New Delhi","12/1/2018 - 12/31/2018, Every day, Daily Average",596,312,1136
"101","4900 Ramdwara Road, Chuna Mandi, Aram Bagh, Paharganj, New Delhi","23","nullStreet Number 5 NA Block, NA Block, Khayala, Vishnu Garden, नई दिल्ली","12/1/2018 - 12/31/2018, Every day, Daily Average",2527,1637,3898
"101","4900 Ramdwara Road, Chuna Mandi, Aram Bagh, Paharganj, New Delhi","24","268, Block B2, Shiv Nagar, Janakpuri, New Delhi","12/1/2018 - 12/31/2018, Every day, Daily Average",1942,1254,3006
"101","4900 Ramdwara Road, Chuna Mandi, Aram Bagh, Paharganj, New Delhi","25","nullNehru Vihar Road, B Block, A Block, Nehru Vihar, Mukherjee Nagar, Delhi","12/1/2018 - 12/31/2018, Every day, Daily Average",1904,1302,2783
"101","4900 Ramdwara Road, Chuna Mandi, Aram Bagh, Paharganj, New Delhi","26","A3-214, Asalatpur Village, Janakpuri, Delhi","12/1/2018 - 12/31/2018, Every day, Daily Average",2219,1448,3399
"101","4900 Ramdwara Road, Chuna Mandi, Aram Bagh, Paharganj, New Delhi","27","0 Ram Mandir Marg, C5B Block, Janakpuri, New Delhi","12/1/2018 - 12/31/2018, Every day, Daily Average",2541,1816,3555
"101","4900 Ramdwara Road, Chuna Mandi, Aram Bagh, Paharganj, New Delhi","28","nullSchool Road, Block M, Uttam Nagar, Delhi","12/1/2018 - 12/31/2018, Every day, Daily Average",2347,1564,3520
"101","4900 Ramdwara Road, Chuna Mandi, Aram Bagh, Paharganj, New Delhi","29","Street Number 14, Block C, Sitapuri Part 1, Janakpuri, New Delhi","12/1/2018 - 12/31/2018, Every day, Daily Average",2751,1960,3860
"101","4900 Ramdwara Road, Chuna Mandi, Aram Bagh, Paharganj, New Delhi","30","Unnamed Road, Asalatpur Khadar, Delhi","12/1/2018 - 12/31/2018, Every day, Daily Average",3825,2764,5291
"101","4900 Ramdwara Road, Chuna Mandi, Aram Bagh, Paharganj, New Delhi","31","Main Jhatikra Road, Paprawat, Delhi","12/1/2018 - 12/31/2018, Every day, Daily Average",3348,2410,4650
"101","4900 Ramdwara Road, Chuna Mandi, Aram Bagh, Paharganj, New Delhi","32","METRO MALL, Pocket 1, Sector 14 Dwarka, Dwarka, New Delhi","12/1/2018 - 12/31/2018, Every day, Daily Average",3048,2118,4384
"101","4900 Ramdwara Road, Chuna Mandi, Aram Bagh, Paharganj, New Delhi","34","5/3, East Nathu Colony, GTB Enclave, Dilshad Garden, Delhi","12/1/2018 - 12/31/2018, Every day, Daily Average",2103,1401,3156
"101","4900 Ramdwara Road, Chuna Mandi, Aram Bagh, Paharganj, New Delhi","35","A/15, Block A, Dilshad Colony New Simapuri, Dilshad Garden, Delhi","12/1/2018 - 12/31/2018, Every day, Daily Average",2535,1777,3614
"101","4900 Ramdwara Road, Chuna Mandi, Aram Bagh, Paharganj, New Delhi","36","A3-83, Block A, Nand Nagri, Village Mandoli, Delhi","12/1/2018 - 12/31/2018, Every day, Daily Average",2501,1744,3585
"101","4900 Ramdwara Road, Chuna Mandi, Aram Bagh, Paharganj, New Delhi","37","nullStreet Number 4, Block J, Sunder Nagri, Dilshad Garden, Delhi","12/1/2018 - 12/31/2018, Every day, Daily Average",2938,2122,4066
"101","4900 Ramdwara Road, Chuna Mandi, Aram Bagh, Paharganj, New Delhi","38","526, Sakdarpur, Shahdara, Delhi","12/1/2018 - 12/31/2018, Every day, Daily Average",2354,1629,3400
"101","4900 Ramdwara Road, Chuna Mandi, Aram Bagh, Paharganj, New Delhi","39","nullGali Number 16, West Jyoti Nagar, Ashok Nagar Mandoli, Ashok Nagar, Shahdara, Delhi","12/1/2018 - 12/31/2018, Every day, Daily Average",2484,1671,3691
"101","4900 Ramdwara Road, Chuna Mandi, Aram Bagh, Paharganj, New Delhi","40","Gali Saini Tent, Ram Nagar, Shahdara, Delhi","12/1/2018 - 12/31/2018, Every day, Daily Average",1913,1283,2851
"101","4900 Ramdwara Road, Chuna Mandi, Aram Bagh, Paharganj, New Delhi","41","Lala Raghubar Dayal Marg, Phase 4, Block B, Subhash Park, Shahdara, Delhi","12/1/2018 - 12/31/2018, Every day, Daily Average",1845,1226,2775
"101","4900 Ramdwara Road, Chuna Mandi, Aram Bagh, Paharganj, New Delhi","42","Street Number 30/6, New Seelampur, Chauhan Banger, Shahdara, Delhi","12/1/2018 - 12/31/2018, Every day, Daily Average",1846,1169,2913
"101","4900 Ramdwara Road, Chuna Mandi, Aram Bagh, Paharganj, New Delhi","43","A537, New Seelampur Phase II, New Seelampur, Shahdara, Delhi","12/1/2018 - 12/31/2018, Every day, Daily Average",1637,1060,2527
"101","4900 Ramdwara Road, Chuna Mandi, Aram Bagh, Paharganj, New Delhi","44","100 Maujpur Main Road, Maujpur, Shahdara, Delhi","12/1/2018 - 12/31/2018, Every day, Daily Average",2002,1274,3145
"101","4900 Ramdwara Road, Chuna Mandi, Aram Bagh, Paharganj, New Delhi","45","nullGali Number 2, Tonga Patti Chauhan, Block C, Ghonda, Shahdara, Delhi","12/1/2018 - 12/31/2018, Every day, Daily Average",2031,1289,3199
"101","4900 Ramdwara Road, Chuna Mandi, Aram Bagh, Paharganj, New Delhi","46","256, Block C 2, Bhajanpura, Tukhmirpur, Delhi","12/1/2018 - 12/31/2018, Every day, Daily Average",2253,1493,3399
"101","4900 Ramdwara Road, Chuna Mandi, Aram Bagh, Paharganj, New Delhi","47","Street Number 10, Block C, North Ghonda, Shahdara, Delhi","12/1/2018 - 12/31/2018, Every day, Daily Average",2164,1370,3416
"101","4900 Ramdwara Road, Chuna Mandi, Aram Bagh, Paharganj, New Delhi","48","Kardam Marg, Block B, Kabir Nagar, Shahdara, Delhi","12/1/2018 - 12/31/2018, Every day, Daily Average",2255,1445,3517
"101","4900 Ramdwara Road, Chuna Mandi, Aram Bagh, Paharganj, New Delhi","49","1/10068, New Jaffrabad, Shahdara, Delhi","12/1/2018 - 12/31/2018, Every day, Daily Average",2488,1650,3750
"101","4900 Ramdwara Road, Chuna Mandi, Aram Bagh, Paharganj, New Delhi","50","Saraswati Marg, Babarpur Village, Babarpur, Delhi","12/1/2018 - 12/31/2018, Every day, Daily Average",2268,1510,3405
"101","4900 Ramdwara Road, Chuna Mandi, Aram Bagh, Paharganj, New Delhi","51","Gali number 4, Ambedkar Colony, Dagarpur Mohalla, Johripur, Delhi","12/1/2018 - 12/31/2018, Every day, Daily Average",2522,1753,3626
"101","4900 Ramdwara Road, Chuna Mandi, Aram Bagh, Paharganj, New Delhi","52","202, Block D, Ganga Vihar, Gokalpuri, Delhi","12/1/2018 - 12/31/2018, Every day, Daily Average",2472,1672,3653
"101","4900 Ramdwara Road, Chuna Mandi, Aram Bagh, Paharganj, New Delhi","53","Sewa Dham Road, Saboli, Delhi","12/1/2018 - 12/31/2018, Every day, Daily Average",2758,1801,4223
"101","4900 Ramdwara Road, Chuna Mandi, Aram Bagh, Paharganj, New Delhi","54","500 Street Number 30, Block D, Harsh Vihar, Village Mandoli, Delhi","12/1/2018 - 12/31/2018, Every day, Daily Average",3063,1961,4784
"101","4900 Ramdwara Road, Chuna Mandi, Aram Bagh, Paharganj, New Delhi","55","33 Feet Road, Phase 2, Shiv Vihar, Karawal Nagar, Delhi","12/1/2018 - 12/31/2018, Every day, Daily Average",3169,2227,4508
"101","4900 Ramdwara Road, Chuna Mandi, Aram Bagh, Paharganj, New Delhi","56","Gali Number 4, Bhagat Vihar, Dayalpur, New Mustafabad, Delhi","12/1/2018 - 12/31/2018, Every day, Daily Average",2819,2038,3898
"101","4900 Ramdwara Road, Chuna Mandi, Aram Bagh, Paharganj, New Delhi","57","Angad Singh Marg, Nehru Vihar, Block B, Old Mustafabad, New Mustafabad, Delhi","12/1/2018 - 12/31/2018, Every day, Daily Average",2381,1643,3449
"101","4900 Ramdwara Road, Chuna Mandi, Aram Bagh, Paharganj, New Delhi","58","Pushta Road, Block A, Rajiv Nagar, Sonia Vihar, Delhi","12/1/2018 - 12/31/2018, Every day, Daily Average",2070,1411,3036
"101","4900 Ramdwara Road, Chuna Mandi, Aram Bagh, Paharganj, New Delhi","59","100 Gali number 4, E-Block, Phase 4, Shiv Vihar, Karawal Nagar, Delhi","12/1/2018 - 12/31/2018, Every day, Daily Average",2428,1709,3449
"101","4900 Ramdwara Road, Chuna Mandi, Aram Bagh, Paharganj, New Delhi","60","nullGali Number 31, Sonia Vihar, New Delhi","12/1/2018 - 12/31/2018, Every day, Daily Average",2118,1516,2957
"101","4900 Ramdwara Road, Chuna Mandi, Aram Bagh, Paharganj, New Delhi","61","Unnamed Road, National Zoological Park, Sundar Nagar, New Delhi","12/1/2018 - 12/31/2018, Every day, Daily Average",1362,947,1957
"101","4900 Ramdwara Road, Chuna Mandi, Aram Bagh, Paharganj, New Delhi","62","D/116, Jeewan Nagar, Sunlight Colony, New Delhi","12/1/2018 - 12/31/2018, Every day, Daily Average",1553,1073,2246
"101","4900 Ramdwara Road, Chuna Mandi, Aram Bagh, Paharganj, New Delhi","63","Jawaharlal Nehru Stadium Marg, CGO Complex, Pragati Vihar, New Delhi","12/1/2018 - 12/31/2018, Every day, Daily Average",1458,1047,2029
"101","4900 Ramdwara Road, Chuna Mandi, Aram Bagh, Paharganj, New Delhi","64","6/37, Vikram Vihar, Lajpat Nagar IV, Lajpat Nagar, New Delhi","12/1/2018 - 12/31/2018, Every day, Daily Average",1755,1276,2412
"101","4900 Ramdwara Road, Chuna Mandi, Aram Bagh, Paharganj, New Delhi","65","Shaheed Jeet Singh Marg, NCERT Campus, Qutab Institutional Area, New Delhi","12/1/2018 - 12/31/2018, Every day, Daily Average",2121,1497,3003
"101","4900 Ramdwara Road, Chuna Mandi, Aram Bagh, Paharganj, New Delhi","66","nullBhagat Singh Market Marg, Block K, Malviya Nagar, New Delhi","12/1/2018 - 12/31/2018, Every day, Daily Average",2355,1674,3312
"101","4900 Ramdwara Road, Chuna Mandi, Aram Bagh, Paharganj, New Delhi","67","63/33, Hudco Place, Andrews Ganj Extension, Andrews Ganj, New Delhi","12/1/2018 - 12/31/2018, Every day, Daily Average",1628,1174,2256
"101","4900 Ramdwara Road, Chuna Mandi, Aram Bagh, Paharganj, New Delhi","68","0 Paschimi Marg, Block E, Vasant Vihar, New Delhi","12/1/2018 - 12/31/2018, Every day, Daily Average",2150,1493,3094
"101","4900 Ramdwara Road, Chuna Mandi, Aram Bagh, Paharganj, New Delhi","69","1129, Sector 2 R K Puram, Sector 2, RK Puram, New Delhi","12/1/2018 - 12/31/2018, Every day, Daily Average",1966,1363,2835
"101","4900 Ramdwara Road, Chuna Mandi, Aram Bagh, Paharganj, New Delhi","70","G288, Sector 3, Block G, Nanak Pura, South Moti Bagh, New Delhi","12/1/2018 - 12/31/2018, Every day, Daily Average",1316,810,2137
"101","4900 Ramdwara Road, Chuna Mandi, Aram Bagh, Paharganj, New Delhi","71","JNU Ring Road, Jawaharlal Nehru University, New Delhi","12/1/2018 - 12/31/2018, Every day, Daily Average",2153,1516,3056
"101","4900 Ramdwara Road, Chuna Mandi, Aram Bagh, Paharganj, New Delhi","72","7/254, Dakshinpuri Extension, Block 7, Sector 6, Dakshinpuri, New Delhi","12/1/2018 - 12/31/2018, Every day, Daily Average",2228,1565,3171
"101","4900 Ramdwara Road, Chuna Mandi, Aram Bagh, Paharganj, New Delhi","73","0 Central Avenue, Block E, Sainik Farm, New Delhi","12/1/2018 - 12/31/2018, Every day, Daily Average",2593,1792,3751
"101","4900 Ramdwara Road, Chuna Mandi, Aram Bagh, Paharganj, New Delhi","74","F-269, Ambedkar Nagar, Block F, Sector 5, Dakshinpuri, New Delhi","12/1/2018 - 12/31/2018, Every day, Daily Average",2429,1699,3471
"101","4900 Ramdwara Road, Chuna Mandi, Aram Bagh, Paharganj, New Delhi","75","B-299, Ambedkar Nagar, Block B, Sector 5, Dakshinpuri, New Delhi","12/1/2018 - 12/31/2018, Every day, Daily Average",2546,1774,3652
"101","4900 Ramdwara Road, Chuna Mandi, Aram Bagh, Paharganj, New Delhi","76","124, SPG Quarters, Sector 4, Pushp Vihar, New Delhi","12/1/2018 - 12/31/2018, Every day, Daily Average",2460,1743,3470
"101","4900 Ramdwara Road, Chuna Mandi, Aram Bagh, Paharganj, New Delhi","77","0 Mehrauli - Badarpur Road, Tughlakabad Institutional Area, Vayusenabad, New Delhi","12/1/2018 - 12/31/2018, Every day, Daily Average",2692,1925,3762
"101","4900 Ramdwara Road, Chuna Mandi, Aram Bagh, Paharganj, New Delhi","79","Shooting Range Road, Asola Wild Life Sanctuary, Asola, New Delhi","12/1/2018 - 12/31/2018, Every day, Daily Average",3312,2402,4566
"101","4900 Ramdwara Road, Chuna Mandi, Aram Bagh, Paharganj, New Delhi","80","E-492, Block E, Greater Kailash II, Greater Kailash, New Delhi","12/1/2018 - 12/31/2018, Every day, Daily Average",2237,1591,3144
"101","4900 Ramdwara Road, Chuna Mandi, Aram Bagh, Paharganj, New Delhi","81","126, Block L 1, Alaknanda, New Delhi","12/1/2018 - 12/31/2018, Every day, Daily Average",2449,1766,3395
"101","4900 Ramdwara Road, Chuna Mandi, Aram Bagh, Paharganj, New Delhi","82","286, Asian Games Village Complex, Siri Fort, New Delhi","12/1/2018 - 12/31/2018, Every day, Daily Average",2073,1480,2903
"101","4900 Ramdwara Road, Chuna Mandi, Aram Bagh, Paharganj, New Delhi","83","C2, Block C, Kailash Colony, Greater Kailash, New Delhi","12/1/2018 - 12/31/2018, Every day, Daily Average",1923,1397,2645
"101","4900 Ramdwara Road, Chuna Mandi, Aram Bagh, Paharganj, New Delhi","84","nullMathura Road, Friends Colony West, Block A, New Friends Colony, New Delhi","12/1/2018 - 12/31/2018, Every day, Daily Average",1914,1341,2731
"101","4900 Ramdwara Road, Chuna Mandi, Aram Bagh, Paharganj, New Delhi","85","Outer Ring Road, Block 13, Nehru Enclave East, Okhla Industrial Area, New Delhi","12/1/2018 - 12/31/2018, Every day, Daily Average",2328,1688,3209
"101","4900 Ramdwara Road, Chuna Mandi, Aram Bagh, Paharganj, New Delhi","86","100 Kalkaji Main Road, Bhoomiheen Camp, Govindpuri, New Delhi","12/1/2018 - 12/31/2018, Every day, Daily Average",2566,1824,3608
"101","4900 Ramdwara Road, Chuna Mandi, Aram Bagh, Paharganj, New Delhi","87","0 Maharaja Agarsen Marg, Subash Khand, Giri Nagar, Kalkaji, New Delhi","12/1/2018 - 12/31/2018, Every day, Daily Average",2429,1752,3366
"101","4900 Ramdwara Road, Chuna Mandi, Aram Bagh, Paharganj, New Delhi","88","Krishan Marg, Tughlaqabad Village, Tughlakabad, New Delhi","12/1/2018 - 12/31/2018, Every day, Daily Average",3023,2167,4215
"101","4900 Ramdwara Road, Chuna Mandi, Aram Bagh, Paharganj, New Delhi","89","A15/2, Chungi No 2, Kotla Mahingiran, Lal Kuan, New Delhi","12/1/2018 - 12/31/2018, Every day, Daily Average",3261,2353,4517
"101","4900 Ramdwara Road, Chuna Mandi, Aram Bagh, Paharganj, New Delhi","90","C-86, Pocket C, Okhla Phase I, Okhla Industrial Area, New Delhi","12/1/2018 - 12/31/2018, Every day, Daily Average",2895,2081,4026
"101","4900 Ramdwara Road, Chuna Mandi, Aram Bagh, Paharganj, New Delhi","91","nullTum Road, Sanjay Colony II, Sanjay Colony, Okhla Phase II, Okhla Industrial Area, New Delhi","12/1/2018 - 12/31/2018, Every day, Daily Average",2296,1631,3230
"101","4900 Ramdwara Road, Chuna Mandi, Aram Bagh, Paharganj, New Delhi","92","nullGali Number 9, Block G, Jaitpur Extension Part II, Khadda Colony, Jaitpur, New Delhi","12/1/2018 - 12/31/2018, Every day, Daily Average",3219,2306,4492
"101","4900 Ramdwara Road, Chuna Mandi, Aram Bagh, Paharganj, New Delhi","93","0 Molarband School Road, Lakhpat Colony, Mithapur, Badarpur","12/1/2018 - 12/31/2018, Every day, Daily Average",3241,2398,4379
"101","4900 Ramdwara Road, Chuna Mandi, Aram Bagh, Paharganj, New Delhi","94","2212, Gautampuri Awas, Badarpur, New Delhi","12/1/2018 - 12/31/2018, Every day, Daily Average",2883,2043,4068
"101","4900 Ramdwara Road, Chuna Mandi, Aram Bagh, Paharganj, New Delhi","95","Hanuman Mandir Road, Block B, Molar band Extension, Badarpur, New Delhi","12/1/2018 - 12/31/2018, Every day, Daily Average",3137,2126,4627
"101","4900 Ramdwara Road, Chuna Mandi, Aram Bagh, Paharganj, New Delhi","96","0 Street Number 9, Noor Nagar Extension, Noor Nagar, Okhla, New Delhi","12/1/2018 - 12/31/2018, Every day, Daily Average",2122,1504,2992
"101","4900 Ramdwara Road, Chuna Mandi, Aram Bagh, Paharganj, New Delhi","97","1664, Bazar Chitli Qabar, Hauz Suiwalan, Chandni Chowk, New Delhi","12/1/2018 - 12/31/2018, Every day, Daily Average",661,397,1099
"101","4900 Ramdwara Road, Chuna Mandi, Aram Bagh, Paharganj, New Delhi","98","2200 Gali Qasim Jan, Balli Maran, Baradari, Chandni Chowk, New Delhi","12/1/2018 - 12/31/2018, Every day, Daily Average",844,426,1671
"101","4900 Ramdwara Road, Chuna Mandi, Aram Bagh, Paharganj, New Delhi","99","100 Street Number 1, Amar Puri, Ram Nagar, Paharganj, New Delhi","12/1/2018 - 12/31/2018, Every day, Daily Average",211,79,558
"101","4900 Ramdwara Road, Chuna Mandi, Aram Bagh, Paharganj, New Delhi","100","Maharishi Balmiki Marg, Police Colony, Sarai Khalil, Sadar Bazaar, New Delhi","12/1/2018 - 12/31/2018, Every day, Daily Average",463,216,990
"101","4900 Ramdwara Road, Chuna Mandi, Aram Bagh, Paharganj, New Delhi","101","4900 Ramdwara Road, Chuna Mandi, Aram Bagh, Paharganj, New Delhi","12/1/2018 - 12/31/2018, Every day, Daily Average",503,203,1243
"101","4900 Ramdwara Road, Chuna Mandi, Aram Bagh, Paharganj, New Delhi","102","nullGali Number 1A, Kailash Puri, Manglapuri, New Delhi","12/1/2018 - 12/31/2018, Every day, Daily Average",2618,1839,3726
"101","4900 Ramdwara Road, Chuna Mandi, Aram Bagh, Paharganj, New Delhi","103","nullDasghara Road, Dasghara, New Delhi","12/1/2018 - 12/31/2018, Every day, Daily Average",923,507,1679
"101","4900 Ramdwara Road, Chuna Mandi, Aram Bagh, Paharganj, New Delhi","104","nullArya Samaj Marg, Block A1, Block EA, Inder Puri, New Delhi","12/1/2018 - 12/31/2018, Every day, Daily Average",1477,950,2294
"101","4900 Ramdwara Road, Chuna Mandi, Aram Bagh, Paharganj, New Delhi","105","nullGoswami Girdhari Lal Marg, Industrial Area Phase I, Block C, Naraina Industrial Area Phase 1, Naraina, New Delhi","12/1/2018 - 12/31/2018, Every day, Daily Average",1874,1245,2819
"101","4900 Ramdwara Road, Chuna Mandi, Aram Bagh, Paharganj, New Delhi","106","IGNOU Residential Campus Road, Rocky Area, Stone Quarries, Maidan Garhi, New Delhi","12/1/2018 - 12/31/2018, Every day, Daily Average",3029,2100,4368
"101","4900 Ramdwara Road, Chuna Mandi, Aram Bagh, Paharganj, New Delhi","107","1100 Zia UL Haq Road, Block A1, Chattarpur, Chhattarpur, New Delhi","12/1/2018 - 12/31/2018, Every day, Daily Average",2902,2073,4060
"101","4900 Ramdwara Road, Chuna Mandi, Aram Bagh, Paharganj, New Delhi","108","Unnamed Road, Block G, Bhim Basti, Jaunapur, New Delhi","12/1/2018 - 12/31/2018, Every day, Daily Average",3323,2452,4502
"101","4900 Ramdwara Road, Chuna Mandi, Aram Bagh, Paharganj, New Delhi","109","Main Chhatarpur Road, Bhatti Kalan, New Delhi","12/1/2018 - 12/31/2018, Every day, Daily Average",3809,2774,5228
"101","4900 Ramdwara Road, Chuna Mandi, Aram Bagh, Paharganj, New Delhi","110","Pusta Road, Madanpur Khadar Phase 3, Madanpur Khadar, New Delhi","12/1/2018 - 12/31/2018, Every day, Daily Average",2675,1902,3760
"101","4900 Ramdwara Road, Chuna Mandi, Aram Bagh, Paharganj, New Delhi","111","61 TO 80, Pocket J, Sarita Vihar, New Delhi","12/1/2018 - 12/31/2018, Every day, Daily Average",2444,1729,3453
"101","4900 Ramdwara Road, Chuna Mandi, Aram Bagh, Paharganj, New Delhi","112","F-8, West Chandra Nagar, Chander Nagar, Krishna Nagar, Delhi","12/1/2018 - 12/31/2018, Every day, Daily Average",1791,1222,2623
"101","4900 Ramdwara Road, Chuna Mandi, Aram Bagh, Paharganj, New Delhi","113","P-132, Anarkali Colony, Krishna Nagar, Delhi","12/1/2018 - 12/31/2018, Every day, Daily Average",1903,1269,2853
"101","4900 Ramdwara Road, Chuna Mandi, Aram Bagh, Paharganj, New Delhi","114","9/434, Gandhi Nagar, Seelampur, Shahdara, Delhi","12/1/2018 - 12/31/2018, Every day, Daily Average",1839,1274,2654
"101","4900 Ramdwara Road, Chuna Mandi, Aram Bagh, Paharganj, New Delhi","115","0 Street Number 3, Azad Nagar, Azad Nagar East, Seelampur, Krishna Nagar, Delhi","12/1/2018 - 12/31/2018, Every day, Daily Average",2072,1478,2904
"101","4900 Ramdwara Road, Chuna Mandi, Aram Bagh, Paharganj, New Delhi","116","9/5284, Shanti Mohalla, Seelampur, Shahdara, Delhi","12/1/2018 - 12/31/2018, Every day, Daily Average",1706,1084,2684
"101","4900 Ramdwara Road, Chuna Mandi, Aram Bagh, Paharganj, New Delhi","117","B533, Bhola Nath Nagar, Block B, Shahdara, Delhi","12/1/2018 - 12/31/2018, Every day, Daily Average",2016,1380,2943
"101","4900 Ramdwara Road, Chuna Mandi, Aram Bagh, Paharganj, New Delhi","118","0 Circular Road, Jawala Nagar, Shahdara, Delhi","12/1/2018 - 12/31/2018, Every day, Daily Average",2315,1564,3425
"101","4900 Ramdwara Road, Chuna Mandi, Aram Bagh, Paharganj, New Delhi","119","81, Zulfe Bengal, Dilshad Garden, Delhi","12/1/2018 - 12/31/2018, Every day, Daily Average",2137,1426,3202
"101","4900 Ramdwara Road, Chuna Mandi, Aram Bagh, Paharganj, New Delhi","120","50, Pocket J & K, Dilshad Garden, Delhi","12/1/2018 - 12/31/2018, Every day, Daily Average",2328,1594,3398
"101","4900 Ramdwara Road, Chuna Mandi, Aram Bagh, Paharganj, New Delhi","121","22/55, West Punjabi Bagh, Punjabi Bagh, Delhi","12/1/2018 - 12/31/2018, Every day, Daily Average",1802,1124,2887
"101","4900 Ramdwara Road, Chuna Mandi, Aram Bagh, Paharganj, New Delhi","122","2600 Mandir Wali Gali, Ranjeet Nagar, Shadipur, Delhi","12/1/2018 - 12/31/2018, Every day, Daily Average",1073,605,1901
"101","4900 Ramdwara Road, Chuna Mandi, Aram Bagh, Paharganj, New Delhi","123","Loknath Marg, Block M, Kirti Nagar, New Delhi","12/1/2018 - 12/31/2018, Every day, Daily Average",1415,834,2398
"101","4900 Ramdwara Road, Chuna Mandi, Aram Bagh, Paharganj, New Delhi","124","30, 31, Block B, Mansarover Garden, New Delhi","12/1/2018 - 12/31/2018, Every day, Daily Average",1474,906,2396
"101","4900 Ramdwara Road, Chuna Mandi, Aram Bagh, Paharganj, New Delhi","125","Shaheed Chander Shekhar Azad Marg, Laxmi Park, Ranhola Extesion, Delhi","12/1/2018 - 12/31/2018, Every day, Daily Average",3494,2384,5119
"101","4900 Ramdwara Road, Chuna Mandi, Aram Bagh, Paharganj, New Delhi","126","nullSwami Narayan Underpass Road, Block E, Sangam Park, Ashok Vihar, Delhi","12/1/2018 - 12/31/2018, Every day, Daily Average",1878,1163,3031
"101","4900 Ramdwara Road, Chuna Mandi, Aram Bagh, Paharganj, New Delhi","127","NDPL House, Lala Achintaram Marg, Block B, Gujranwala Town, Delhi","12/1/2018 - 12/31/2018, Every day, Daily Average",1809,1155,2831
"101","4900 Ramdwara Road, Chuna Mandi, Aram Bagh, Paharganj, New Delhi","128","0 Shakti Mandir Marg, Block 10, Shakti Nagar, Delhi","12/1/2018 - 12/31/2018, Every day, Daily Average",1364,851,2185
"101","4900 Ramdwara Road, Chuna Mandi, Aram Bagh, Paharganj, New Delhi","129","Gali Number 8, Anand Parbat, New Delhi","12/1/2018 - 12/31/2018, Every day, Daily Average",1242,719,2142
"101","4900 Ramdwara Road, Chuna Mandi, Aram Bagh, Paharganj, New Delhi","130","Bhagat Singh Marg, Kashmiri Bagh, Chandra Shekhar Azad Colony, Sarai Rohilla, New Delhi","12/1/2018 - 12/31/2018, Every day, Daily Average",1092,663,1797
"101","4900 Ramdwara Road, Chuna Mandi, Aram Bagh, Paharganj, New Delhi","131","4400 Gali Bahuji, Pahari Dhiraj, Sadar Bazaar, Delhi","12/1/2018 - 12/31/2018, Every day, Daily Average",826,470,1448
"101","4900 Ramdwara Road, Chuna Mandi, Aram Bagh, Paharganj, New Delhi","132","1600 Lothian Road, Chabi Ganj, Kashmere Gate, New Delhi","12/1/2018 - 12/31/2018, Every day, Daily Average",1312,782,2199
"101","4900 Ramdwara Road, Chuna Mandi, Aram Bagh, Paharganj, New Delhi","133","0 Raj Niwas Marg, Ludlow Castle, Civil Lines, Delhi","12/1/2018 - 12/31/2018, Every day, Daily Average",1025,594,1766
"101","4900 Ramdwara Road, Chuna Mandi, Aram Bagh, Paharganj, New Delhi","134","Hotel de Romana, Kasturba Hospital Marg, Kalan Mahal, Old Delhi, New Delhi","12/1/2018 - 12/31/2018, Every day, Daily Average",1178,703,1972
"101","4900 Ramdwara Road, Chuna Mandi, Aram Bagh, Paharganj, New Delhi","135","0 Uggarsen Market Road, Meenakshi Garden, Ashok Nagar, Delhi","12/1/2018 - 12/31/2018, Every day, Daily Average",1738,1108,2725
"101","4900 Ramdwara Road, Chuna Mandi, Aram Bagh, Paharganj, New Delhi","136","nullKeshopur Road, New Chaukhandi, Paschim Vihar, Delhi","12/1/2018 - 12/31/2018, Every day, Daily Average",2520,1683,3771
"101","4900 Ramdwara Road, Chuna Mandi, Aram Bagh, Paharganj, New Delhi","137","nullRoad Number 235, Block H, Vikaspuri, Delhi","12/1/2018 - 12/31/2018, Every day, Daily Average",2618,1722,3978
"101","4900 Ramdwara Road, Chuna Mandi, Aram Bagh, Paharganj, New Delhi","138","Gali Number 11, Vipin Garden Extension, Laxmi Vihar, Nawada, Delhi","12/1/2018 - 12/31/2018, Every day, Daily Average",2945,1978,4382
"101","4900 Ramdwara Road, Chuna Mandi, Aram Bagh, Paharganj, New Delhi","139","nullBudh Bazar Road, Nawada, Nawada Majra Village, Nawada, Delhi","12/1/2018 - 12/31/2018, Every day, Daily Average",2615,1718,3980
"101","4900 Ramdwara Road, Chuna Mandi, Aram Bagh, Paharganj, New Delhi","140","A12/B, Sainik Nagar, Mansa Ram Park, Uttam Nagar, Delhi","12/1/2018 - 12/31/2018, Every day, Daily Average",2575,1710,3877
"101","4900 Ramdwara Road, Chuna Mandi, Aram Bagh, Paharganj, New Delhi","141","nullBindapur Matiala Road, Nand Ram Park, Bhagat Enclave, Bindapur, Delhi","12/1/2018 - 12/31/2018, Every day, Daily Average",2883,1963,4234
"101","4900 Ramdwara Road, Chuna Mandi, Aram Bagh, Paharganj, New Delhi","142","Gali Number 1, Dabri Village, Dabri, New Delhi","12/1/2018 - 12/31/2018, Every day, Daily Average",2406,1692,3420
"101","4900 Ramdwara Road, Chuna Mandi, Aram Bagh, Paharganj, New Delhi","143","nullRoad Number 221, Pocket 1, Sector 10 Dwarka, Dwarka, Delhi","12/1/2018 - 12/31/2018, Every day, Daily Average",2862,2075,3946
"101","4900 Ramdwara Road, Chuna Mandi, Aram Bagh, Paharganj, New Delhi","144","Najafgarh Road, Indra Park, Block A, Masudabad, Najafgarh, Delhi","12/1/2018 - 12/31/2018, Every day, Daily Average",3388,2278,5038
"101","4900 Ramdwara Road, Chuna Mandi, Aram Bagh, Paharganj, New Delhi","145","0 Trilok Puri Road, Block 15, Part 2, Mayur Vihar Phase 1, New Delhi","12/1/2018 - 12/31/2018, Every day, Daily Average",1783,1266,2509
"101","4900 Ramdwara Road, Chuna Mandi, Aram Bagh, Paharganj, New Delhi","146","nullKotla Road, Pocket F2, Pocket 1, Sector 11F, Rohini, Delhi","12/1/2018 - 12/31/2018, Every day, Daily Average",2818,1861,4267
"101","4900 Ramdwara Road, Chuna Mandi, Aram Bagh, Paharganj, New Delhi","147","0 Trilok Puri Road, Subhash Market, Block 15, Part 2, Mayur Vihar Phase 1, New Delhi","12/1/2018 - 12/31/2018, Every day, Daily Average",1964,1429,2697
"101","4900 Ramdwara Road, Chuna Mandi, Aram Bagh, Paharganj, New Delhi","148","Unnamed Road, Patparganj, New Delhi","12/1/2018 - 12/31/2018, Every day, Daily Average",1718,1215,2428
"101","4900 Ramdwara Road, Chuna Mandi, Aram Bagh, Paharganj, New Delhi","149","Bharati Road, Block C 2, Block D, New Ashok Nagar, Delhi","12/1/2018 - 12/31/2018, Every day, Daily Average",1782,1286,2469
"101","4900 Ramdwara Road, Chuna Mandi, Aram Bagh, Paharganj, New Delhi","150","Rajeev Gandhi Marg, Block 12, Kalyan Puri, Delhi","12/1/2018 - 12/31/2018, Every day, Daily Average",1988,1439,2745
"101","4900 Ramdwara Road, Chuna Mandi, Aram Bagh, Paharganj, New Delhi","151","Shaheed Budh Ram Singh Marg, Dallupura, New Delhi","12/1/2018 - 12/31/2018, Every day, Daily Average",2133,1533,2967
"101","4900 Ramdwara Road, Chuna Mandi, Aram Bagh, Paharganj, New Delhi","152","nullGharoli Main Road, Kondli Extension, Kondli, Delhi","12/1/2018 - 12/31/2018, Every day, Daily Average",2399,1783,3226
"101","4900 Ramdwara Road, Chuna Mandi, Aram Bagh, Paharganj, New Delhi","153","0 Vivekanand Marg, Pocket A 3, Sector C, Mayur Vihar Phase III, नई दिल्ली","12/1/2018 - 12/31/2018, Every day, Daily Average",2332,1730,3141
"101","4900 Ramdwara Road, Chuna Mandi, Aram Bagh, Paharganj, New Delhi","154","nullGali Number 6, Block B, Block D, Vinod Nagar North, Delhi","12/1/2018 - 12/31/2018, Every day, Daily Average",1623,1126,2337
"101","4900 Ramdwara Road, Chuna Mandi, Aram Bagh, Paharganj, New Delhi","155","Maharaja Agaersen Road, Block D, Pocket D, Phase 1, Ashok Vihar, Delhi","12/1/2018 - 12/31/2018, Every day, Daily Average",2029,1315,3129
"101","4900 Ramdwara Road, Chuna Mandi, Aram Bagh, Paharganj, New Delhi","156","Doctor Satpal Sachdeva Marg, Keshav Puram, Tri Nagar, Delhi","12/1/2018 - 12/31/2018, Every day, Daily Average",1758,1085,2847
"101","4900 Ramdwara Road, Chuna Mandi, Aram Bagh, Paharganj, New Delhi","157","CH Devender Singh Tewatia Marg, Ashok Vihar II, Pocket B 1, Phase 3, Ashok Vihar, Delhi","12/1/2018 - 12/31/2018, Every day, Daily Average",1719,1120,2637
"101","4900 Ramdwara Road, Chuna Mandi, Aram Bagh, Paharganj, New Delhi","158","484, Block E, Nimri Colony, Ashok Vihar, Delhi","12/1/2018 - 12/31/2018, Every day, Daily Average",1743,1141,2661
"101","4900 Ramdwara Road, Chuna Mandi, Aram Bagh, Paharganj, New Delhi","159","300 Maharishi Balmiki Mandir Marg, Block H, Shakurpur Colony, Pitampura, Delhi","12/1/2018 - 12/31/2018, Every day, Daily Average",1975,1230,3170
"101","4900 Ramdwara Road, Chuna Mandi, Aram Bagh, Paharganj, New Delhi","160","23, Shiva Enclave, Pitampura, Delhi","12/1/2018 - 12/31/2018, Every day, Daily Average",2226,1396,3547
"101","4900 Ramdwara Road, Chuna Mandi, Aram Bagh, Paharganj, New Delhi","161","nullLawrence Road, Rampura Industrial Area, Tri Nagar, Delhi","12/1/2018 - 12/31/2018, Every day, Daily Average",1857,1129,3053
"101","4900 Ramdwara Road, Chuna Mandi, Aram Bagh, Paharganj, New Delhi","162","2400 Pt Govind Ram Shastri Marg, Ganeshpura, Tri Nagar, Delhi","12/1/2018 - 12/31/2018, Every day, Daily Average",1517,898,2562
"101","4900 Ramdwara Road, Chuna Mandi, Aram Bagh, Paharganj, New Delhi","163","0 Guru Harkishan Marg, Maulana Azad Society, Bhagwan Buddha Housing Corporation Society, Pitampura, Delhi","12/1/2018 - 12/31/2018, Every day, Daily Average",2591,1685,3983
"101","4900 Ramdwara Road, Chuna Mandi, Aram Bagh, Paharganj, New Delhi","164","Shakurbasti Pedestrian Foot Over Bridge, Shakur Basti Railway Colony, Railway Colony South, Pitampura, Delhi","12/1/2018 - 12/31/2018, Every day, Daily Average",1921,1201,3071
"101","4900 Ramdwara Road, Chuna Mandi, Aram Bagh, Paharganj, New Delhi","165","31, Cottage Enclave, Paschim Vihar, Delhi","12/1/2018 - 12/31/2018, Every day, Daily Average",1985,1247,3157
"101","4900 Ramdwara Road, Chuna Mandi, Aram Bagh, Paharganj, New Delhi","166","nullRBI Enclave Road, Ankur Enclave, Paschim Vihar, Delhi","12/1/2018 - 12/31/2018, Every day, Daily Average",2233,1408,3540
"101","4900 Ramdwara Road, Chuna Mandi, Aram Bagh, Paharganj, New Delhi","167","nullShaheed Udham Singh Marg, AE Block, Poorbi Shalimar Bag, Shalimar Bagh, Delhi","12/1/2018 - 12/31/2018, Every day, Daily Average",2189,1387,3454
"101","4900 Ramdwara Road, Chuna Mandi, Aram Bagh, Paharganj, New Delhi","168","nullGyan Shakti Mandir Marg, Block BA, West Shalimar Bagh, Shalimar Bagh, Delhi","12/1/2018 - 12/31/2018, Every day, Daily Average",2505,1636,3833
"101","4900 Ramdwara Road, Chuna Mandi, Aram Bagh, Paharganj, New Delhi","169","G-9, Block F 1U, Ranikhet, Pitampura, Delhi","12/1/2018 - 12/31/2018, Every day, Daily Average",2559,1690,3874
"101","4900 Ramdwara Road, Chuna Mandi, Aram Bagh, Paharganj, New Delhi","170","nullColony Road, Block QP, Poorvi Pitampura, Pitampura, Delhi","12/1/2018 - 12/31/2018, Every day, Daily Average",2085,1290,3368
"101","4900 Ramdwara Road, Chuna Mandi, Aram Bagh, Paharganj, New Delhi","171","nullG Block Road, Pocket 21, Sector 7G, Rohini, Delhi","12/1/2018 - 12/31/2018, Every day, Daily Average",2549,1627,3993
"101","4900 Ramdwara Road, Chuna Mandi, Aram Bagh, Paharganj, New Delhi","172","nullShiva Road, Pocket 14, Sector 8D, Rohini, Delhi","12/1/2018 - 12/31/2018, Every day, Daily Average",2494,1597,3892
"101","4900 Ramdwara Road, Chuna Mandi, Aram Bagh, Paharganj, New Delhi","173","Unnamed Road, Swarn Jayanti Park, Sector 10, Rohini, Delhi","12/1/2018 - 12/31/2018, Every day, Daily Average",2668,1749,4067
"101","4900 Ramdwara Road, Chuna Mandi, Aram Bagh, Paharganj, New Delhi","174","Road Number 316, Mangol Puri Industrial Area Phase I, Block Q, Mangolpuri, Delhi","12/1/2018 - 12/31/2018, Every day, Daily Average",2800,1786,4388
"101","4900 Ramdwara Road, Chuna Mandi, Aram Bagh, Paharganj, New Delhi","175","235, Block E, Block E, Mangolpuri, Delhi","12/1/2018 - 12/31/2018, Every day, Daily Average",2432,1547,3821
"101","4900 Ramdwara Road, Chuna Mandi, Aram Bagh, Paharganj, New Delhi","176","B7-187, Pocket 7, Sector 3B, Rohini, Delhi","12/1/2018 - 12/31/2018, Every day, Daily Average",2654,1722,4090
"101","4900 Ramdwara Road, Chuna Mandi, Aram Bagh, Paharganj, New Delhi","177","Chaudhary Hemveer Chandela Marg, DDA Park Nihal Vihar, Nangloi, Delhi","12/1/2018 - 12/31/2018, Every day, Daily Average",3110,2016,4796
"101","4900 Ramdwara Road, Chuna Mandi, Aram Bagh, Paharganj, New Delhi","178","I334, Saini Mohalla, Shiv Vihar, Nangloi, Delhi","12/1/2018 - 12/31/2018, Every day, Daily Average",2659,1626,4347
"101","4900 Ramdwara Road, Chuna Mandi, Aram Bagh, Paharganj, New Delhi","179","0 AB Road, Block RR, Mianwali Nagar, Paschim Vihar, Delhi","12/1/2018 - 12/31/2018, Every day, Daily Average",2307,1413,3765
"101","4900 Ramdwara Road, Chuna Mandi, Aram Bagh, Paharganj, New Delhi","180","GH-14/234, GH 14, Block GH 14, Paschim Vihar, Delhi","12/1/2018 - 12/31/2018, Every day, Daily Average",2634,1695,4090
"101","4900 Ramdwara Road, Chuna Mandi, Aram Bagh, Paharganj, New Delhi","181","F6-214, Block F 6, Sultanpuri, Delhi","12/1/2018 - 12/31/2018, Every day, Daily Average",3069,2088,4509
"101","4900 Ramdwara Road, Chuna Mandi, Aram Bagh, Paharganj, New Delhi","182","C2/5, Block C2, Sultanpuri, Delhi","12/1/2018 - 12/31/2018, Every day, Daily Average",3185,2053,4941
"101","4900 Ramdwara Road, Chuna Mandi, Aram Bagh, Paharganj, New Delhi","183","400 Devi Ahilya Bai Holkar Marg, Block W, Prem Nagar I, Prem Nagar, Delhi","12/1/2018 - 12/31/2018, Every day, Daily Average",3327,2068,5350
"101","4900 Ramdwara Road, Chuna Mandi, Aram Bagh, Paharganj, New Delhi","184","Tau Bihari Marg, Ladpur, Delhi","12/1/2018 - 12/31/2018, Every day, Daily Average",3579,2354,5440
"101","4900 Ramdwara Road, Chuna Mandi, Aram Bagh, Paharganj, New Delhi","185","Bawana Road, Puth Khurd, Delhi","12/1/2018 - 12/31/2018, Every day, Daily Average",3242,2104,4993
"101","4900 Ramdwara Road, Chuna Mandi, Aram Bagh, Paharganj, New Delhi","186","14, Sector 21, Rohini, Delhi","12/1/2018 - 12/31/2018, Every day, Daily Average",2978,1934,4583
"101","4900 Ramdwara Road, Chuna Mandi, Aram Bagh, Paharganj, New Delhi","187","60, Vijay Vihar Phase II, Pocket C, Sector 1, Rohini, Delhi","12/1/2018 - 12/31/2018, Every day, Daily Average",2640,1747,3987
"101","4900 Ramdwara Road, Chuna Mandi, Aram Bagh, Paharganj, New Delhi","188","12/188, Shastri Nagar, Geeta Colony, New Delhi","12/1/2018 - 12/31/2018, Every day, Daily Average",1618,1085,2412
"101","4900 Ramdwara Road, Chuna Mandi, Aram Bagh, Paharganj, New Delhi","189","F22, Block F, Krishna Nagar, Delhi","12/1/2018 - 12/31/2018, Every day, Daily Average",1623,1084,2429
"101","4900 Ramdwara Road, Chuna Mandi, Aram Bagh, Paharganj, New Delhi","190","F-33, Block F, Preet Vihar, Delhi","12/1/2018 - 12/31/2018, Every day, Daily Average",1565,992,2468
"101","4900 Ramdwara Road, Chuna Mandi, Aram Bagh, Paharganj, New Delhi","191","0 Hasanpur, I.P.Extension, Patparganj, Delhi","12/1/2018 - 12/31/2018, Every day, Daily Average",1780,1248,2538
"101","4900 Ramdwara Road, Chuna Mandi, Aram Bagh, Paharganj, New Delhi","192","0 Bhartendu Harish Chandra Marg, Ram Vihar, Anand Vihar, Delhi","12/1/2018 - 12/31/2018, Every day, Daily Average",2180,1468,3235
"101","4900 Ramdwara Road, Chuna Mandi, Aram Bagh, Paharganj, New Delhi","193","Unnamed Road, Usmanpur, Shahdara, Delhi","12/1/2018 - 12/31/2018, Every day, Daily Average",1260,772,2055
"101","4900 Ramdwara Road, Chuna Mandi, Aram Bagh, Paharganj, New Delhi","194","nullGali Number 1, Block G, Block A, Shakarpur, Delhi","12/1/2018 - 12/31/2018, Every day, Daily Average",1277,821,1983
"101","4900 Ramdwara Road, Chuna Mandi, Aram Bagh, Paharganj, New Delhi","195","F-208/C, Block F, Laxmi Nagar, New Delhi","12/1/2018 - 12/31/2018, Every day, Daily Average",1297,827,2032
"101","4900 Ramdwara Road, Chuna Mandi, Aram Bagh, Paharganj, New Delhi","196","nullSir Chotu Ram Marg, Pocket 4, Sector 6C, Rohini, Delhi","12/1/2018 - 12/31/2018, Every day, Daily Average",2748,1757,4297
"101","4900 Ramdwara Road, Chuna Mandi, Aram Bagh, Paharganj, New Delhi","197","177-B, Mayur Vihar Phase 2, Pocket B, Mayur Vihar, New Delhi","12/1/2018 - 12/31/2018, Every day, Daily Average",1843,1275,2663
"101","4900 Ramdwara Road, Chuna Mandi, Aram Bagh, Paharganj, New Delhi","198","Gouri Sankar Road, Railway Colony, Mandawali, New Delhi","12/1/2018 - 12/31/2018, Every day, Daily Average",1782,1224,2592
"101","4900 Ramdwara Road, Chuna Mandi, Aram Bagh, Paharganj, New Delhi","199","0 Shivaji Marg, New Moti Nagar, Najafgarh Road Industrial Area, Delhi","12/1/2018 - 12/31/2018, Every day, Daily Average",1491,877,2534
"101","4900 Ramdwara Road, Chuna Mandi, Aram Bagh, Paharganj, New Delhi","200","Dabri - Gurgaon Road, Pocket 2, Sector 1 Dwarka, Dwarka, New Delhi","12/1/2018 - 12/31/2018, Every day, Daily Average",2516,1800,3516
"101","4900 Ramdwara Road, Chuna Mandi, Aram Bagh, Paharganj, New Delhi","201","nullGali Number 2, Block D, Uttam Nagar, Sagar Pur, New Delhi","12/1/2018 - 12/31/2018, Every day, Daily Average",2409,1676,3461
"101","4900 Ramdwara Road, Chuna Mandi, Aram Bagh, Paharganj, New Delhi","202","A12/481, Madan Puri, West Sagarpur, Sagar Pur, New Delhi","12/1/2018 - 12/31/2018, Every day, Daily Average",2386,1619,3514
"101","4900 Ramdwara Road, Chuna Mandi, Aram Bagh, Paharganj, New Delhi","203","Shahid Hav. Ved Prakash Sharma Marg, Netaji Subhash Vihar, Mundka, Delhi","12/1/2018 - 12/31/2018, Every day, Daily Average",3369,2176,5214
"101","4900 Ramdwara Road, Chuna Mandi, Aram Bagh, Paharganj, New Delhi","204","0 East Patel Nagar Road, Block 10A, East Patel Nagar, Patel Nagar, New Delhi","12/1/2018 - 12/31/2018, Every day, Daily Average",953,518,1749
"101","4900 Ramdwara Road, Chuna Mandi, Aram Bagh, Paharganj, New Delhi","205","2100 Gali Number 14, Block B, Prem Nagar, Patel Nagar, New Delhi","12/1/2018 - 12/31/2018, Every day, Daily Average",1228,696,2166
"101","4900 Ramdwara Road, Chuna Mandi, Aram Bagh, Paharganj, New Delhi","206","0 Arya Samaj Road, Block 12B, Dev Nagar, Karol Bagh, New Delhi","12/1/2018 - 12/31/2018, Every day, Daily Average",1048,599,1832
"101","4900 Ramdwara Road, Chuna Mandi, Aram Bagh, Paharganj, New Delhi","207","0 Maharana Pratap Road, Block 53, Karol Bagh, New Delhi","12/1/2018 - 12/31/2018, Every day, Daily Average",735,393,1371
"101","4900 Ramdwara Road, Chuna Mandi, Aram Bagh, Paharganj, New Delhi","208","Desh Bandhu Gupta Road, Block E, Jhandewalan Extension, Jhandewalan, New Delhi","12/1/2018 - 12/31/2018, Every day, Daily Average",383,174,839
"101","4900 Ramdwara Road, Chuna Mandi, Aram Bagh, Paharganj, New Delhi","209","nullMaharaja Agarsen Marg, Block A, CC Colony, Kalyan Vihar, नई दिल्ली","12/1/2018 - 12/31/2018, Every day, Daily Average",1546,963,2480
"101","4900 Ramdwara Road, Chuna Mandi, Aram Bagh, Paharganj, New Delhi","210","Unnamed Road, Bakhtawar Pur, Bakhtawarpur, Delhi","12/1/2018 - 12/31/2018, Every day, Daily Average",3632,2720,4848
"101","4900 Ramdwara Road, Chuna Mandi, Aram Bagh, Paharganj, New Delhi","211","Holambi Main Road, Iradat Nagar, Delhi","12/1/2018 - 12/31/2018, Every day, Daily Average",3548,2575,4888
"101","4900 Ramdwara Road, Chuna Mandi, Aram Bagh, Paharganj, New Delhi","212","Bawana Road, Sector 30, Rohini, Delhi","12/1/2018 - 12/31/2018, Every day, Daily Average",3144,2047,4828
"101","4900 Ramdwara Road, Chuna Mandi, Aram Bagh, Paharganj, New Delhi","213","Lampur Road, Om Vihar Colony, Bankner, Delhi","12/1/2018 - 12/31/2018, Every day, Daily Average",4087,3337,5005
"101","4900 Ramdwara Road, Chuna Mandi, Aram Bagh, Paharganj, New Delhi","214","Doctor Bhim Rao Ambedkar Marg, Block H, Malka Ganj, Delhi","12/1/2018 - 12/31/2018, Every day, Daily Average",1028,632,1671
"101","4900 Ramdwara Road, Chuna Mandi, Aram Bagh, Paharganj, New Delhi","215","Unnamed Road, Bagiabad, Jharoda Majra Burari, Delhi","12/1/2018 - 12/31/2018, Every day, Daily Average",2254,1619,3136
"101","4900 Ramdwara Road, Chuna Mandi, Aram Bagh, Paharganj, New Delhi","216","0 Main Canal Road, Harit Vihar, Mukandpur Part 2, Mukundpur, Delhi","12/1/2018 - 12/31/2018, Every day, Daily Average",2510,1749,3600
"101","4900 Ramdwara Road, Chuna Mandi, Aram Bagh, Paharganj, New Delhi","218","nullTandoor Wali Gali, Swami Shraddhanand Park, Bhalswa Dairy, Jahangirpura, Delhi","12/1/2018 - 12/31/2018, Every day, Daily Average",2695,2023,3589
"101","4900 Ramdwara Road, Chuna Mandi, Aram Bagh, Paharganj, New Delhi","219","461, Block AG, Sanjay Gandhi Transport Nagar, Delhi","12/1/2018 - 12/31/2018, Every day, Daily Average",2789,1983,3921
"101","4900 Ramdwara Road, Chuna Mandi, Aram Bagh, Paharganj, New Delhi","220","Shah Alam Bandh Marg, Adarsh Nagar Extension, Adarsh Nagar, Delhi","12/1/2018 - 12/31/2018, Every day, Daily Average",2487,1644,3760
"101","4900 Ramdwara Road, Chuna Mandi, Aram Bagh, Paharganj, New Delhi","221","Srinagar - Kanyakumari Highway, Bhalswa Jahangirpuri, Jahangirpuri, Delhi","12/1/2018 - 12/31/2018, Every day, Daily Average",2656,1912,3689
"101","4900 Ramdwara Road, Chuna Mandi, Aram Bagh, Paharganj, New Delhi","222","Sector E, Mahipalpur Village, Vasant Kunj, New Delhi","12/1/2018 - 12/31/2018, Every day, Daily Average",2128,1433,3158
"101","4900 Ramdwara Road, Chuna Mandi, Aram Bagh, Paharganj, New Delhi","223","Urban Extension Road II, Indira Gandhi International Airport, New Delhi","12/1/2018 - 12/31/2018, Every day, Daily Average",2233,1544,3228
"101","4900 Ramdwara Road, Chuna Mandi, Aram Bagh, Paharganj, New Delhi","224","Main Road, Bharthal, Sector 27 Dwarka, Bharthal, New Delhi","12/1/2018 - 12/31/2018, Every day, Daily Average",2948,2101,4136
"101","4900 Ramdwara Road, Chuna Mandi, Aram Bagh, Paharganj, New Delhi","225","0 Netaji Road, A Block, Block C, Adarsh Nagar, Delhi","12/1/2018 - 12/31/2018, Every day, Daily Average",2243,1414,3555
"101","4900 Ramdwara Road, Chuna Mandi, Aram Bagh, Paharganj, New Delhi","226","Unnamed Road, Model Town, Delhi","12/1/2018 - 12/31/2018, Every day, Daily Average",2177,1509,3139
"101","4900 Ramdwara Road, Chuna Mandi, Aram Bagh, Paharganj, New Delhi","227","300 Lok Marg, Dhaka Colony, Mukherjee Nagar, Delhi","12/1/2018 - 12/31/2018, Every day, Daily Average",1540,998,2376
"101","4900 Ramdwara Road, Chuna Mandi, Aram Bagh, Paharganj, New Delhi","228","0 Lucknow Road, Banarsi Das Estate, Timarpur, Delhi","12/1/2018 - 12/31/2018, Every day, Daily Average",1451,926,2271
"101","4900 Ramdwara Road, Chuna Mandi, Aram Bagh, Paharganj, New Delhi","229","200 Road Number 28, Nehru Nagar, Shivaji Place, Basai Dara pur, Tagore Garden Extension, New Delhi","12/1/2018 - 12/31/2018, Every day, Daily Average",1692,1017,2813
"101","4900 Ramdwara Road, Chuna Mandi, Aram Bagh, Paharganj, New Delhi","230","N494, Block N, Raghubir Nagar, Tagore Garden Extension, Delhi","12/1/2018 - 12/31/2018, Every day, Daily Average",2623,1778,3867
"101","4900 Ramdwara Road, Chuna Mandi, Aram Bagh, Paharganj, New Delhi","231","G-17/6, Block G, Rajouri Garden, New Delhi","12/1/2018 - 12/31/2018, Every day, Daily Average",1662,1029,2684
"101","4900 Ramdwara Road, Chuna Mandi, Aram Bagh, Paharganj, New Delhi","232","4-3, Mayapuri Industrial Area Phase II, Mayapuri, New Delhi","12/1/2018 - 12/31/2018, Every day, Daily Average",2276,1596,3244
"101","4900 Ramdwara Road, Chuna Mandi, Aram Bagh, Paharganj, New Delhi","233","nullSatguru Ram Singh Marg, Block B, Mayapuri Industrial Area Phase I, Mayapuri, New Delhi","12/1/2018 - 12/31/2018, Every day, Daily Average",2027,1329,3090
"101","4900 Ramdwara Road, Chuna Mandi, Aram Bagh, Paharganj, New Delhi","234","113, Press Colony, Press Colony, Mayapuri, New Delhi","12/1/2018 - 12/31/2018, Every day, Daily Average",1993,1283,3095
"101","4900 Ramdwara Road, Chuna Mandi, Aram Bagh, Paharganj, New Delhi","235","nullBharat Vihar Road, Block G, Raja Puri, Matiala, Delhi","12/1/2018 - 12/31/2018, Every day, Daily Average",3046,2190,4236
"101","4900 Ramdwara Road, Chuna Mandi, Aram Bagh, Paharganj, New Delhi","236","nullRithala Road, Pocket A, Budh Vihar Phase I, Budh Vihar, Delhi","12/1/2018 - 12/31/2018, Every day, Daily Average",2871,1893,4353
"101","4900 Ramdwara Road, Chuna Mandi, Aram Bagh, Paharganj, New Delhi","237","121, Assam Timber Market, Gulshan Park, Mundka, Delhi","12/1/2018 - 12/31/2018, Every day, Daily Average",2900,1788,4701
"101","4900 Ramdwara Road, Chuna Mandi, Aram Bagh, Paharganj, New Delhi","238","Ekta Marg, Sewak Park, Mubarakpur Dabas, Delhi","12/1/2018 - 12/31/2018, Every day, Daily Average",3956,2621,5970
"101","4900 Ramdwara Road, Chuna Mandi, Aram Bagh, Paharganj, New Delhi","239","nullSultanpuri, सुल्तानपुरी, Block E 4, Ratan Vihar, Sultanpuri, Delhi","12/1/2018 - 12/31/2018, Every day, Daily Average",3247,2147,4908
"101","4900 Ramdwara Road, Chuna Mandi, Aram Bagh, Paharganj, New Delhi","240","37, Sector 15, Pocket 6, Sector 15B, Rohini, Delhi","12/1/2018 - 12/31/2018, Every day, Daily Average",2830,1946,4113
"101","4900 Ramdwara Road, Chuna Mandi, Aram Bagh, Paharganj, New Delhi","241","Foot Road, Libas Pur Village, Siraspur, Delhi","12/1/2018 - 12/31/2018, Every day, Daily Average",3057,2212,4224
"101","4900 Ramdwara Road, Chuna Mandi, Aram Bagh, Paharganj, New Delhi","242","nullGali Number 2, Jagjeet Nagar, Shahdara, Delhi","12/1/2018 - 12/31/2018, Every day, Daily Average",1569,997,2468
"101","4900 Ramdwara Road, Chuna Mandi, Aram Bagh, Paharganj, New Delhi","243","Unnamed Road, Block B, Chanchal Park Colony, Dichaon Kalan, Delhi","12/1/2018 - 12/31/2018, Every day, Daily Average",3932,2680,5768
"101","4900 Ramdwara Road, Chuna Mandi, Aram Bagh, Paharganj, New Delhi","244","Dhingra Park Trail, Punjabi Bagh Cooperative Housing Soceity, East Punjabi Bagh, Punjabi Bagh, Delhi","12/1/2018 - 12/31/2018, Every day, Daily Average",1639,994,2700
"101","4900 Ramdwara Road, Chuna Mandi, Aram Bagh, Paharganj, New Delhi","245","N-1/17, Block M, Mangolpuri, Delhi","12/1/2018 - 12/31/2018, Every day, Daily Average",2546,1646,3936
"101","4900 Ramdwara Road, Chuna Mandi, Aram Bagh, Paharganj, New Delhi","246","nullShiv Mandir Marg, Block G, Lajpat Nagar I, Lajpat Nagar, New Delhi","12/1/2018 - 12/31/2018, Every day, Daily Average",1620,1173,2237
"101","4900 Ramdwara Road, Chuna Mandi, Aram Bagh, Paharganj, New Delhi","247","9/2082, Pocket 2, Block RZ, Palam Colony, New Delhi","12/1/2018 - 12/31/2018, Every day, Daily Average",2389,1697,3362
"101","4900 Ramdwara Road, Chuna Mandi, Aram Bagh, Paharganj, New Delhi","248","Unnamed Road, Harijan Basti, Rajokri, New Delhi","12/1/2018 - 12/31/2018, Every day, Daily Average",2372,1644,3421
"101","4900 Ramdwara Road, Chuna Mandi, Aram Bagh, Paharganj, New Delhi","249","46, M.S Park, Vishwas Nagar, Shahdara, Delhi","12/1/2018 - 12/31/2018, Every day, Daily Average",2279,1563,3321
"101","4900 Ramdwara Road, Chuna Mandi, Aram Bagh, Paharganj, New Delhi","250","719B, Madipur JJ Colony, Block B, Janta Colony, Paschim Vihar, Delhi","12/1/2018 - 12/31/2018, Every day, Daily Average",1873,1180,2971
"101","4900 Ramdwara Road, Chuna Mandi, Aram Bagh, Paharganj, New Delhi","251","A25, Block R, Pocket A, Rajender Nagar Part 1, New Rajinder Nagar, New Delhi","12/1/2018 - 12/31/2018, Every day, Daily Average",622,293,1319
"101","4900 Ramdwara Road, Chuna Mandi, Aram Bagh, Paharganj, New Delhi","252","813, Sector 1, RK Puram, New Delhi","12/1/2018 - 12/31/2018, Every day, Daily Average",1771,1218,2573
"101","4900 Ramdwara Road, Chuna Mandi, Aram Bagh, Paharganj, New Delhi","253","0 Chaudhary Harsukh Marg, B6, Block B6, Humayunpur, Safdarjung Enclave, New Delhi","12/1/2018 - 12/31/2018, Every day, Daily Average",1705,1215,2392
"101","4900 Ramdwara Road, Chuna Mandi, Aram Bagh, Paharganj, New Delhi","254","Squadron Leader Mohinder Kumar Jain Marg, Block B, New Delhi","12/1/2018 - 12/31/2018, Every day, Daily Average",1811,1303,2516
"101","4900 Ramdwara Road, Chuna Mandi, Aram Bagh, Paharganj, New Delhi","255","1700 Uday Chand Marg, Arya Basti, Zafar Nagar, Kotla Mubarakpur, South Extension I, New Delhi","12/1/2018 - 12/31/2018, Every day, Daily Average",1468,1044,2062
"101","4900 Ramdwara Road, Chuna Mandi, Aram Bagh, Paharganj, New Delhi","256","D-70, Mahavir Enclave I, Mahavir Enclave Part 2, Mahavir Enclave, New Delhi","12/1/2018 - 12/31/2018, Every day, Daily Average",2379,1683,3361
"101","4900 Ramdwara Road, Chuna Mandi, Aram Bagh, Paharganj, New Delhi","257","y 788, Block W, Mangolpur Khurd, Mangolpuri, नई दिल्ली","12/1/2018 - 12/31/2018, Every day, Daily Average",2556,1664,3926
"101","4900 Ramdwara Road, Chuna Mandi, Aram Bagh, Paharganj, New Delhi","258","Sant Sujan Singh Marg, JJ Colony, Block N, Tagore Garden, Tagore Garden Extension, New Delhi","12/1/2018 - 12/31/2018, Every day, Daily Average",2044,1276,3271
"101","4900 Ramdwara Road, Chuna Mandi, Aram Bagh, Paharganj, New Delhi","259","Jogging Lane, Pocket B-C, Sector-A, Vasant Kunj, New Delhi","12/1/2018 - 12/31/2018, Every day, Daily Average",2486,1747,3537
"101","4900 Ramdwara Road, Chuna Mandi, Aram Bagh, Paharganj, New Delhi","260","Unnamed Road, Sector A1, Narela, Delhi","12/1/2018 - 12/31/2018, Every day, Daily Average",4011,3001,5360
"101","4900 Ramdwara Road, Chuna Mandi, Aram Bagh, Paharganj, New Delhi","261","Nangli Ibrahimpur Road, Kadipur, Kushak Colony, Kadipur Village, Delhi","12/1/2018 - 12/31/2018, Every day, Daily Average",2637,1928,3605
"101","4900 Ramdwara Road, Chuna Mandi, Aram Bagh, Paharganj, New Delhi","262","110084, Suleman Majra Burari, Burari, Delhi","12/1/2018 - 12/31/2018, Every day, Daily Average",2843,2018,4005
"101","4900 Ramdwara Road, Chuna Mandi, Aram Bagh, Paharganj, New Delhi","263","200 Pirwali Gali, Block P, Block P, Patparganj, New Delhi","12/1/2018 - 12/31/2018, Every day, Daily Average",1522,1061,2182
"101","4900 Ramdwara Road, Chuna Mandi, Aram Bagh, Paharganj, New Delhi","264","Noida Link Road, Nehru Enclave, Shakarpur Khas, New Delhi","12/1/2018 - 12/31/2018, Every day, Daily Average",1385,929,2062
"101","4900 Ramdwara Road, Chuna Mandi, Aram Bagh, Paharganj, New Delhi","265","0 Lane Number 8, Krishan Kunj Extension Part 2, Block G, Vishwakarma Park, Laxmi Nagar, Delhi","12/1/2018 - 12/31/2018, Every day, Daily Average",1181,780,1787
"101","4900 Ramdwara Road, Chuna Mandi, Aram Bagh, Paharganj, New Delhi","266","Yamuna Marginal Bandh Marg, Block A, Shastri Park, Jagjit Nagar, New Delhi","12/1/2018 - 12/31/2018, Every day, Daily Average",1780,1166,2715
"101","4900 Ramdwara Road, Chuna Mandi, Aram Bagh, Paharganj, New Delhi","267","nullPanduk Shila Marg, Kaithwara Jagjivan Nagar, New Usmanpur, Shahdara, Delhi","12/1/2018 - 12/31/2018, Every day, Daily Average",1427,902,2256
"101","4900 Ramdwara Road, Chuna Mandi, Aram Bagh, Paharganj, New Delhi","268","null5th Pustha Road, Block B, Bhajanpura, Shahdara, Delhi","12/1/2018 - 12/31/2018, Every day, Daily Average",1885,1236,2874
"101","4900 Ramdwara Road, Chuna Mandi, Aram Bagh, Paharganj, New Delhi","269","Street Number 2, Chandu Nagar, New Mustafabad, Delhi","12/1/2018 - 12/31/2018, Every day, Daily Average",2399,1707,3370
"101","4900 Ramdwara Road, Chuna Mandi, Aram Bagh, Paharganj, New Delhi","272","Anuvrat Marg, Butterfly Park, Qila Rai Pithora, Mehrauli, New Delhi","12/1/2018 - 12/31/2018, Every day, Daily Average",2584,1822,3663
"101","4900 Ramdwara Road, Chuna Mandi, Aram Bagh, Paharganj, New Delhi","273","0 Pt Surya Pandey Marg, Devli, Block C, Devli, Sangam Vihar, New Delhi","12/1/2018 - 12/31/2018, Every day, Daily Average",2825,2036,3918
"101","4900 Ramdwara Road, Chuna Mandi, Aram Bagh, Paharganj, New Delhi","274","295/5, Block L 2, Devli, Sangam Vihar, New Delhi","12/1/2018 - 12/31/2018, Every day, Daily Average",3114,2207,4393
"101","4900 Ramdwara Road, Chuna Mandi, Aram Bagh, Paharganj, New Delhi","275","125/16, Jogabai Extension, Zakir Nagar, Okhla, New Delhi","12/1/2018 - 12/31/2018, Every day, Daily Average",2117,1520,2948
"101","4900 Ramdwara Road, Chuna Mandi, Aram Bagh, Paharganj, New Delhi","276","MCD Office, South delhi, Najafgarh Dhansa Road, Najafgarh Village, Najafgarh, Delhi","12/1/2018 - 12/31/2018, Every day, Daily Average",3714,2476,5568
"101","4900 Ramdwara Road, Chuna Mandi, Aram Bagh, Paharganj, New Delhi","277","700 Outer Ring Road, Bhalswa Jahangir Village, Jahangirpuri, नई दिल्ली","12/1/2018 - 12/31/2018, Every day, Daily Average",2568,1935,3406
"101","4900 Ramdwara Road, Chuna Mandi, Aram Bagh, Paharganj, New Delhi","278","nullNangloi - Najafgarh Road, Brahampuri Colony, Kotla Vihar Phase 2, Ranhola, Delhi","12/1/2018 - 12/31/2018, Every day, Daily Average",3194,2177,4685
"101","4900 Ramdwara Road, Chuna Mandi, Aram Bagh, Paharganj, New Delhi","279","Nightingale Road, Budella, Vikaspuri, Delhi","12/1/2018 - 12/31/2018, Every day, Daily Average",2713,1813,4058
"101","4900 Ramdwara Road, Chuna Mandi, Aram Bagh, Paharganj, New Delhi","280","nullHastsal Road, Block A2, JJ Colony, Uttam Nagar, Delhi","12/1/2018 - 12/31/2018, Every day, Daily Average",2347,1555,3541
"101","4900 Ramdwara Road, Chuna Mandi, Aram Bagh, Paharganj, New Delhi","281","D915, New Mahavir Nagar, Tilak Nagar, Delhi","12/1/2018 - 12/31/2018, Every day, Daily Average",2318,1501,3579
"101","4900 Ramdwara Road, Chuna Mandi, Aram Bagh, Paharganj, New Delhi","282","Velodrome Road, Gandhi Smriti, Raj Ghat, New Delhi","12/1/2018 - 12/31/2018, Every day, Daily Average",1011,638,1600
"101","4900 Ramdwara Road, Chuna Mandi, Aram Bagh, Paharganj, New Delhi","283","nullVijay Marg, Block B, Baljit Nagar, Patel Nagar, New Delhi","12/1/2018 - 12/31/2018, Every day, Daily Average",1283,717,2294
"101","4900 Ramdwara Road, Chuna Mandi, Aram Bagh, Paharganj, New Delhi","284","8/2, Rajendra Park, Nangloi Extension, Kamruddin Nagar, Delhi","12/1/2018 - 12/31/2018, Every day, Daily Average",2850,1767,4596
"101","4900 Ramdwara Road, Chuna Mandi, Aram Bagh, Paharganj, New Delhi","285","y 1019, Dharam Enclave, Prem Nagar II, Prem Nagar, Delhi","12/1/2018 - 12/31/2018, Every day, Daily Average",3424,2125,5514
"101","4900 Ramdwara Road, Chuna Mandi, Aram Bagh, Paharganj, New Delhi","286","Prem Nagar - Rohini Road, Pratap Vihar Part III, Nithari, Baljit Vihar, Delhi","12/1/2018 - 12/31/2018, Every day, Daily Average",3510,2323,5301
"101","4900 Ramdwara Road, Chuna Mandi, Aram Bagh, Paharganj, New Delhi","287","L47, Block L, Shastri Nagar, Delhi","12/1/2018 - 12/31/2018, Every day, Daily Average",1326,798,2201
"101","4900 Ramdwara Road, Chuna Mandi, Aram Bagh, Paharganj, New Delhi","288","WZ287, DDA Colony, Chand Nagar, Vishnu Garden, Delhi","12/1/2018 - 12/31/2018, Every day, Daily Average",2437,1585,3744
"101","4900 Ramdwara Road, Chuna Mandi, Aram Bagh, Paharganj, New Delhi","289","Tukmirpur Road, Biharipur Extension, Biharipur Village, Biharipur, Delhi","12/1/2018 - 12/31/2018, Every day, Daily Average",2358,1621,3428